"","elpd_diff","se_diff"
"bym2",0,0
"iid",-3.77285536459472,1.89496072050781
