elpd_diff,se_diff
0,0
-1.6701220457639856,2.5792056293667636
